Start Date,End Date,Class Status,Offering ID,Offering Name,SKU
1955/1/1,1955/1/1,Holiday,holiday_1,元日,HOLIDAY
1955/1/15,1955/1/15,Holiday,holiday_2,成人の日,HOLIDAY
1955/3/21,1955/3/21,Holiday,holiday_3,春分の日,HOLIDAY
1955/4/29,1955/4/29,Holiday,holiday_4,天皇誕生日,HOLIDAY
1955/5/3,1955/5/3,Holiday,holiday_5,憲法記念日,HOLIDAY
1955/5/5,1955/5/5,Holiday,holiday_6,こどもの日,HOLIDAY
1955/9/24,1955/9/24,Holiday,holiday_7,秋分の日,HOLIDAY
1955/11/3,1955/11/3,Holiday,holiday_8,文化の日,HOLIDAY
1955/11/23,1955/11/23,Holiday,holiday_9,勤労感謝の日,HOLIDAY
1956/1/1,1956/1/1,Holiday,holiday_10,元日,HOLIDAY
1956/1/15,1956/1/15,Holiday,holiday_11,成人の日,HOLIDAY
1956/3/21,1956/3/21,Holiday,holiday_12,春分の日,HOLIDAY
1956/4/29,1956/4/29,Holiday,holiday_13,天皇誕生日,HOLIDAY
1956/5/3,1956/5/3,Holiday,holiday_14,憲法記念日,HOLIDAY
1956/5/5,1956/5/5,Holiday,holiday_15,こどもの日,HOLIDAY
1956/9/23,1956/9/23,Holiday,holiday_16,秋分の日,HOLIDAY
1956/11/3,1956/11/3,Holiday,holiday_17,文化の日,HOLIDAY
1956/11/23,1956/11/23,Holiday,holiday_18,勤労感謝の日,HOLIDAY
1957/1/1,1957/1/1,Holiday,holiday_19,元日,HOLIDAY
1957/1/15,1957/1/15,Holiday,holiday_20,成人の日,HOLIDAY
1957/3/21,1957/3/21,Holiday,holiday_21,春分の日,HOLIDAY
1957/4/29,1957/4/29,Holiday,holiday_22,天皇誕生日,HOLIDAY
1957/5/3,1957/5/3,Holiday,holiday_23,憲法記念日,HOLIDAY
1957/5/5,1957/5/5,Holiday,holiday_24,こどもの日,HOLIDAY
1957/9/23,1957/9/23,Holiday,holiday_25,秋分の日,HOLIDAY
1957/11/3,1957/11/3,Holiday,holiday_26,文化の日,HOLIDAY
1957/11/23,1957/11/23,Holiday,holiday_27,勤労感謝の日,HOLIDAY
1958/1/1,1958/1/1,Holiday,holiday_28,元日,HOLIDAY
1958/1/15,1958/1/15,Holiday,holiday_29,成人の日,HOLIDAY
1958/3/21,1958/3/21,Holiday,holiday_30,春分の日,HOLIDAY
1958/4/29,1958/4/29,Holiday,holiday_31,天皇誕生日,HOLIDAY
1958/5/3,1958/5/3,Holiday,holiday_32,憲法記念日,HOLIDAY
1958/5/5,1958/5/5,Holiday,holiday_33,こどもの日,HOLIDAY
1958/9/23,1958/9/23,Holiday,holiday_34,秋分の日,HOLIDAY
1958/11/3,1958/11/3,Holiday,holiday_35,文化の日,HOLIDAY
1958/11/23,1958/11/23,Holiday,holiday_36,勤労感謝の日,HOLIDAY
1959/1/1,1959/1/1,Holiday,holiday_37,元日,HOLIDAY
1959/1/15,1959/1/15,Holiday,holiday_38,成人の日,HOLIDAY
1959/3/21,1959/3/21,Holiday,holiday_39,春分の日,HOLIDAY
1959/4/10,1959/4/10,Holiday,holiday_40,結婚の儀,HOLIDAY
1959/4/29,1959/4/29,Holiday,holiday_41,天皇誕生日,HOLIDAY
1959/5/3,1959/5/3,Holiday,holiday_42,憲法記念日,HOLIDAY
1959/5/5,1959/5/5,Holiday,holiday_43,こどもの日,HOLIDAY
1959/9/24,1959/9/24,Holiday,holiday_44,秋分の日,HOLIDAY
1959/11/3,1959/11/3,Holiday,holiday_45,文化の日,HOLIDAY
1959/11/23,1959/11/23,Holiday,holiday_46,勤労感謝の日,HOLIDAY
1960/1/1,1960/1/1,Holiday,holiday_47,元日,HOLIDAY
1960/1/15,1960/1/15,Holiday,holiday_48,成人の日,HOLIDAY
1960/3/20,1960/3/20,Holiday,holiday_49,春分の日,HOLIDAY
1960/4/29,1960/4/29,Holiday,holiday_50,天皇誕生日,HOLIDAY
1960/5/3,1960/5/3,Holiday,holiday_51,憲法記念日,HOLIDAY
1960/5/5,1960/5/5,Holiday,holiday_52,こどもの日,HOLIDAY
1960/9/23,1960/9/23,Holiday,holiday_53,秋分の日,HOLIDAY
1960/11/3,1960/11/3,Holiday,holiday_54,文化の日,HOLIDAY
1960/11/23,1960/11/23,Holiday,holiday_55,勤労感謝の日,HOLIDAY
1961/1/1,1961/1/1,Holiday,holiday_56,元日,HOLIDAY
1961/1/15,1961/1/15,Holiday,holiday_57,成人の日,HOLIDAY
1961/3/21,1961/3/21,Holiday,holiday_58,春分の日,HOLIDAY
1961/4/29,1961/4/29,Holiday,holiday_59,天皇誕生日,HOLIDAY
1961/5/3,1961/5/3,Holiday,holiday_60,憲法記念日,HOLIDAY
1961/5/5,1961/5/5,Holiday,holiday_61,こどもの日,HOLIDAY
1961/9/23,1961/9/23,Holiday,holiday_62,秋分の日,HOLIDAY
1961/11/3,1961/11/3,Holiday,holiday_63,文化の日,HOLIDAY
1961/11/23,1961/11/23,Holiday,holiday_64,勤労感謝の日,HOLIDAY
1962/1/1,1962/1/1,Holiday,holiday_65,元日,HOLIDAY
1962/1/15,1962/1/15,Holiday,holiday_66,成人の日,HOLIDAY
1962/3/21,1962/3/21,Holiday,holiday_67,春分の日,HOLIDAY
1962/4/29,1962/4/29,Holiday,holiday_68,天皇誕生日,HOLIDAY
1962/5/3,1962/5/3,Holiday,holiday_69,憲法記念日,HOLIDAY
1962/5/5,1962/5/5,Holiday,holiday_70,こどもの日,HOLIDAY
1962/9/23,1962/9/23,Holiday,holiday_71,秋分の日,HOLIDAY
1962/11/3,1962/11/3,Holiday,holiday_72,文化の日,HOLIDAY
1962/11/23,1962/11/23,Holiday,holiday_73,勤労感謝の日,HOLIDAY
1963/1/1,1963/1/1,Holiday,holiday_74,元日,HOLIDAY
1963/1/15,1963/1/15,Holiday,holiday_75,成人の日,HOLIDAY
1963/3/21,1963/3/21,Holiday,holiday_76,春分の日,HOLIDAY
1963/4/29,1963/4/29,Holiday,holiday_77,天皇誕生日,HOLIDAY
1963/5/3,1963/5/3,Holiday,holiday_78,憲法記念日,HOLIDAY
1963/5/5,1963/5/5,Holiday,holiday_79,こどもの日,HOLIDAY
1963/9/24,1963/9/24,Holiday,holiday_80,秋分の日,HOLIDAY
1963/11/3,1963/11/3,Holiday,holiday_81,文化の日,HOLIDAY
1963/11/23,1963/11/23,Holiday,holiday_82,勤労感謝の日,HOLIDAY
1964/1/1,1964/1/1,Holiday,holiday_83,元日,HOLIDAY
1964/1/15,1964/1/15,Holiday,holiday_84,成人の日,HOLIDAY
1964/3/20,1964/3/20,Holiday,holiday_85,春分の日,HOLIDAY
1964/4/29,1964/4/29,Holiday,holiday_86,天皇誕生日,HOLIDAY
1964/5/3,1964/5/3,Holiday,holiday_87,憲法記念日,HOLIDAY
1964/5/5,1964/5/5,Holiday,holiday_88,こどもの日,HOLIDAY
1964/9/23,1964/9/23,Holiday,holiday_89,秋分の日,HOLIDAY
1964/11/3,1964/11/3,Holiday,holiday_90,文化の日,HOLIDAY
1964/11/23,1964/11/23,Holiday,holiday_91,勤労感謝の日,HOLIDAY
1965/1/1,1965/1/1,Holiday,holiday_92,元日,HOLIDAY
1965/1/15,1965/1/15,Holiday,holiday_93,成人の日,HOLIDAY
1965/3/21,1965/3/21,Holiday,holiday_94,春分の日,HOLIDAY
1965/4/29,1965/4/29,Holiday,holiday_95,天皇誕生日,HOLIDAY
1965/5/3,1965/5/3,Holiday,holiday_96,憲法記念日,HOLIDAY
1965/5/5,1965/5/5,Holiday,holiday_97,こどもの日,HOLIDAY
1965/9/23,1965/9/23,Holiday,holiday_98,秋分の日,HOLIDAY
1965/11/3,1965/11/3,Holiday,holiday_99,文化の日,HOLIDAY
1965/11/23,1965/11/23,Holiday,holiday_100,勤労感謝の日,HOLIDAY
1966/1/1,1966/1/1,Holiday,holiday_101,元日,HOLIDAY
1966/1/15,1966/1/15,Holiday,holiday_102,成人の日,HOLIDAY
1966/3/21,1966/3/21,Holiday,holiday_103,春分の日,HOLIDAY
1966/4/29,1966/4/29,Holiday,holiday_104,天皇誕生日,HOLIDAY
1966/5/3,1966/5/3,Holiday,holiday_105,憲法記念日,HOLIDAY
1966/5/5,1966/5/5,Holiday,holiday_106,こどもの日,HOLIDAY
1966/9/15,1966/9/15,Holiday,holiday_107,敬老の日,HOLIDAY
1966/9/23,1966/9/23,Holiday,holiday_108,秋分の日,HOLIDAY
1966/10/10,1966/10/10,Holiday,holiday_109,体育の日,HOLIDAY
1966/11/3,1966/11/3,Holiday,holiday_110,文化の日,HOLIDAY
1966/11/23,1966/11/23,Holiday,holiday_111,勤労感謝の日,HOLIDAY
1967/1/1,1967/1/1,Holiday,holiday_112,元日,HOLIDAY
1967/1/15,1967/1/15,Holiday,holiday_113,成人の日,HOLIDAY
1967/2/11,1967/2/11,Holiday,holiday_114,建国記念の日,HOLIDAY
1967/3/21,1967/3/21,Holiday,holiday_115,春分の日,HOLIDAY
1967/4/29,1967/4/29,Holiday,holiday_116,天皇誕生日,HOLIDAY
1967/5/3,1967/5/3,Holiday,holiday_117,憲法記念日,HOLIDAY
1967/5/5,1967/5/5,Holiday,holiday_118,こどもの日,HOLIDAY
1967/9/15,1967/9/15,Holiday,holiday_119,敬老の日,HOLIDAY
1967/9/24,1967/9/24,Holiday,holiday_120,秋分の日,HOLIDAY
1967/10/10,1967/10/10,Holiday,holiday_121,体育の日,HOLIDAY
1967/11/3,1967/11/3,Holiday,holiday_122,文化の日,HOLIDAY
1967/11/23,1967/11/23,Holiday,holiday_123,勤労感謝の日,HOLIDAY
1968/1/1,1968/1/1,Holiday,holiday_124,元日,HOLIDAY
1968/1/15,1968/1/15,Holiday,holiday_125,成人の日,HOLIDAY
1968/2/11,1968/2/11,Holiday,holiday_126,建国記念の日,HOLIDAY
1968/3/20,1968/3/20,Holiday,holiday_127,春分の日,HOLIDAY
1968/4/29,1968/4/29,Holiday,holiday_128,天皇誕生日,HOLIDAY
1968/5/3,1968/5/3,Holiday,holiday_129,憲法記念日,HOLIDAY
1968/5/5,1968/5/5,Holiday,holiday_130,こどもの日,HOLIDAY
1968/9/15,1968/9/15,Holiday,holiday_131,敬老の日,HOLIDAY
1968/9/23,1968/9/23,Holiday,holiday_132,秋分の日,HOLIDAY
1968/10/10,1968/10/10,Holiday,holiday_133,体育の日,HOLIDAY
1968/11/3,1968/11/3,Holiday,holiday_134,文化の日,HOLIDAY
1968/11/23,1968/11/23,Holiday,holiday_135,勤労感謝の日,HOLIDAY
1969/1/1,1969/1/1,Holiday,holiday_136,元日,HOLIDAY
1969/1/15,1969/1/15,Holiday,holiday_137,成人の日,HOLIDAY
1969/2/11,1969/2/11,Holiday,holiday_138,建国記念の日,HOLIDAY
1969/3/21,1969/3/21,Holiday,holiday_139,春分の日,HOLIDAY
1969/4/29,1969/4/29,Holiday,holiday_140,天皇誕生日,HOLIDAY
1969/5/3,1969/5/3,Holiday,holiday_141,憲法記念日,HOLIDAY
1969/5/5,1969/5/5,Holiday,holiday_142,こどもの日,HOLIDAY
1969/9/15,1969/9/15,Holiday,holiday_143,敬老の日,HOLIDAY
1969/9/23,1969/9/23,Holiday,holiday_144,秋分の日,HOLIDAY
1969/10/10,1969/10/10,Holiday,holiday_145,体育の日,HOLIDAY
1969/11/3,1969/11/3,Holiday,holiday_146,文化の日,HOLIDAY
1969/11/23,1969/11/23,Holiday,holiday_147,勤労感謝の日,HOLIDAY
1970/1/1,1970/1/1,Holiday,holiday_148,元日,HOLIDAY
1970/1/15,1970/1/15,Holiday,holiday_149,成人の日,HOLIDAY
1970/2/11,1970/2/11,Holiday,holiday_150,建国記念の日,HOLIDAY
1970/3/21,1970/3/21,Holiday,holiday_151,春分の日,HOLIDAY
1970/4/29,1970/4/29,Holiday,holiday_152,天皇誕生日,HOLIDAY
1970/5/3,1970/5/3,Holiday,holiday_153,憲法記念日,HOLIDAY
1970/5/5,1970/5/5,Holiday,holiday_154,こどもの日,HOLIDAY
1970/9/15,1970/9/15,Holiday,holiday_155,敬老の日,HOLIDAY
1970/9/23,1970/9/23,Holiday,holiday_156,秋分の日,HOLIDAY
1970/10/10,1970/10/10,Holiday,holiday_157,体育の日,HOLIDAY
1970/11/3,1970/11/3,Holiday,holiday_158,文化の日,HOLIDAY
1970/11/23,1970/11/23,Holiday,holiday_159,勤労感謝の日,HOLIDAY
1971/1/1,1971/1/1,Holiday,holiday_160,元日,HOLIDAY
1971/1/15,1971/1/15,Holiday,holiday_161,成人の日,HOLIDAY
1971/2/11,1971/2/11,Holiday,holiday_162,建国記念の日,HOLIDAY
1971/3/21,1971/3/21,Holiday,holiday_163,春分の日,HOLIDAY
1971/4/29,1971/4/29,Holiday,holiday_164,天皇誕生日,HOLIDAY
1971/5/3,1971/5/3,Holiday,holiday_165,憲法記念日,HOLIDAY
1971/5/5,1971/5/5,Holiday,holiday_166,こどもの日,HOLIDAY
1971/9/15,1971/9/15,Holiday,holiday_167,敬老の日,HOLIDAY
1971/9/24,1971/9/24,Holiday,holiday_168,秋分の日,HOLIDAY
1971/10/10,1971/10/10,Holiday,holiday_169,体育の日,HOLIDAY
1971/11/3,1971/11/3,Holiday,holiday_170,文化の日,HOLIDAY
1971/11/23,1971/11/23,Holiday,holiday_171,勤労感謝の日,HOLIDAY
1972/1/1,1972/1/1,Holiday,holiday_172,元日,HOLIDAY
1972/1/15,1972/1/15,Holiday,holiday_173,成人の日,HOLIDAY
1972/2/11,1972/2/11,Holiday,holiday_174,建国記念の日,HOLIDAY
1972/3/20,1972/3/20,Holiday,holiday_175,春分の日,HOLIDAY
1972/4/29,1972/4/29,Holiday,holiday_176,天皇誕生日,HOLIDAY
1972/5/3,1972/5/3,Holiday,holiday_177,憲法記念日,HOLIDAY
1972/5/5,1972/5/5,Holiday,holiday_178,こどもの日,HOLIDAY
1972/9/15,1972/9/15,Holiday,holiday_179,敬老の日,HOLIDAY
1972/9/23,1972/9/23,Holiday,holiday_180,秋分の日,HOLIDAY
1972/10/10,1972/10/10,Holiday,holiday_181,体育の日,HOLIDAY
1972/11/3,1972/11/3,Holiday,holiday_182,文化の日,HOLIDAY
1972/11/23,1972/11/23,Holiday,holiday_183,勤労感謝の日,HOLIDAY
1973/1/1,1973/1/1,Holiday,holiday_184,元日,HOLIDAY
1973/1/15,1973/1/15,Holiday,holiday_185,成人の日,HOLIDAY
1973/2/11,1973/2/11,Holiday,holiday_186,建国記念の日,HOLIDAY
1973/3/21,1973/3/21,Holiday,holiday_187,春分の日,HOLIDAY
1973/4/29,1973/4/29,Holiday,holiday_188,天皇誕生日,HOLIDAY
1973/4/30,1973/4/30,Holiday,holiday_189,休日,HOLIDAY
1973/5/3,1973/5/3,Holiday,holiday_190,憲法記念日,HOLIDAY
1973/5/5,1973/5/5,Holiday,holiday_191,こどもの日,HOLIDAY
1973/9/15,1973/9/15,Holiday,holiday_192,敬老の日,HOLIDAY
1973/9/23,1973/9/23,Holiday,holiday_193,秋分の日,HOLIDAY
1973/9/24,1973/9/24,Holiday,holiday_194,休日,HOLIDAY
1973/10/10,1973/10/10,Holiday,holiday_195,体育の日,HOLIDAY
1973/11/3,1973/11/3,Holiday,holiday_196,文化の日,HOLIDAY
1973/11/23,1973/11/23,Holiday,holiday_197,勤労感謝の日,HOLIDAY
1974/1/1,1974/1/1,Holiday,holiday_198,元日,HOLIDAY
1974/1/15,1974/1/15,Holiday,holiday_199,成人の日,HOLIDAY
1974/2/11,1974/2/11,Holiday,holiday_200,建国記念の日,HOLIDAY
1974/3/21,1974/3/21,Holiday,holiday_201,春分の日,HOLIDAY
1974/4/29,1974/4/29,Holiday,holiday_202,天皇誕生日,HOLIDAY
1974/5/3,1974/5/3,Holiday,holiday_203,憲法記念日,HOLIDAY
1974/5/5,1974/5/5,Holiday,holiday_204,こどもの日,HOLIDAY
1974/5/6,1974/5/6,Holiday,holiday_205,休日,HOLIDAY
1974/9/15,1974/9/15,Holiday,holiday_206,敬老の日,HOLIDAY
1974/9/16,1974/9/16,Holiday,holiday_207,休日,HOLIDAY
1974/9/23,1974/9/23,Holiday,holiday_208,秋分の日,HOLIDAY
1974/10/10,1974/10/10,Holiday,holiday_209,体育の日,HOLIDAY
1974/11/3,1974/11/3,Holiday,holiday_210,文化の日,HOLIDAY
1974/11/4,1974/11/4,Holiday,holiday_211,休日,HOLIDAY
1974/11/23,1974/11/23,Holiday,holiday_212,勤労感謝の日,HOLIDAY
1975/1/1,1975/1/1,Holiday,holiday_213,元日,HOLIDAY
1975/1/15,1975/1/15,Holiday,holiday_214,成人の日,HOLIDAY
1975/2/11,1975/2/11,Holiday,holiday_215,建国記念の日,HOLIDAY
1975/3/21,1975/3/21,Holiday,holiday_216,春分の日,HOLIDAY
1975/4/29,1975/4/29,Holiday,holiday_217,天皇誕生日,HOLIDAY
1975/5/3,1975/5/3,Holiday,holiday_218,憲法記念日,HOLIDAY
1975/5/5,1975/5/5,Holiday,holiday_219,こどもの日,HOLIDAY
1975/9/15,1975/9/15,Holiday,holiday_220,敬老の日,HOLIDAY
1975/9/24,1975/9/24,Holiday,holiday_221,秋分の日,HOLIDAY
1975/10/10,1975/10/10,Holiday,holiday_222,体育の日,HOLIDAY
1975/11/3,1975/11/3,Holiday,holiday_223,文化の日,HOLIDAY
1975/11/23,1975/11/23,Holiday,holiday_224,勤労感謝の日,HOLIDAY
1975/11/24,1975/11/24,Holiday,holiday_225,休日,HOLIDAY
1976/1/1,1976/1/1,Holiday,holiday_226,元日,HOLIDAY
1976/1/15,1976/1/15,Holiday,holiday_227,成人の日,HOLIDAY
1976/2/11,1976/2/11,Holiday,holiday_228,建国記念の日,HOLIDAY
1976/3/20,1976/3/20,Holiday,holiday_229,春分の日,HOLIDAY
1976/4/29,1976/4/29,Holiday,holiday_230,天皇誕生日,HOLIDAY
1976/5/3,1976/5/3,Holiday,holiday_231,憲法記念日,HOLIDAY
1976/5/5,1976/5/5,Holiday,holiday_232,こどもの日,HOLIDAY
1976/9/15,1976/9/15,Holiday,holiday_233,敬老の日,HOLIDAY
1976/9/23,1976/9/23,Holiday,holiday_234,秋分の日,HOLIDAY
1976/10/10,1976/10/10,Holiday,holiday_235,体育の日,HOLIDAY
1976/10/11,1976/10/11,Holiday,holiday_236,休日,HOLIDAY
1976/11/3,1976/11/3,Holiday,holiday_237,文化の日,HOLIDAY
1976/11/23,1976/11/23,Holiday,holiday_238,勤労感謝の日,HOLIDAY
1977/1/1,1977/1/1,Holiday,holiday_239,元日,HOLIDAY
1977/1/15,1977/1/15,Holiday,holiday_240,成人の日,HOLIDAY
1977/2/11,1977/2/11,Holiday,holiday_241,建国記念の日,HOLIDAY
1977/3/21,1977/3/21,Holiday,holiday_242,春分の日,HOLIDAY
1977/4/29,1977/4/29,Holiday,holiday_243,天皇誕生日,HOLIDAY
1977/5/3,1977/5/3,Holiday,holiday_244,憲法記念日,HOLIDAY
1977/5/5,1977/5/5,Holiday,holiday_245,こどもの日,HOLIDAY
1977/9/15,1977/9/15,Holiday,holiday_246,敬老の日,HOLIDAY
1977/9/23,1977/9/23,Holiday,holiday_247,秋分の日,HOLIDAY
1977/10/10,1977/10/10,Holiday,holiday_248,体育の日,HOLIDAY
1977/11/3,1977/11/3,Holiday,holiday_249,文化の日,HOLIDAY
1977/11/23,1977/11/23,Holiday,holiday_250,勤労感謝の日,HOLIDAY
1978/1/1,1978/1/1,Holiday,holiday_251,元日,HOLIDAY
1978/1/2,1978/1/2,Holiday,holiday_252,休日,HOLIDAY
1978/1/15,1978/1/15,Holiday,holiday_253,成人の日,HOLIDAY
1978/1/16,1978/1/16,Holiday,holiday_254,休日,HOLIDAY
1978/2/11,1978/2/11,Holiday,holiday_255,建国記念の日,HOLIDAY
1978/3/21,1978/3/21,Holiday,holiday_256,春分の日,HOLIDAY
1978/4/29,1978/4/29,Holiday,holiday_257,天皇誕生日,HOLIDAY
1978/5/3,1978/5/3,Holiday,holiday_258,憲法記念日,HOLIDAY
1978/5/5,1978/5/5,Holiday,holiday_259,こどもの日,HOLIDAY
1978/9/15,1978/9/15,Holiday,holiday_260,敬老の日,HOLIDAY
1978/9/23,1978/9/23,Holiday,holiday_261,秋分の日,HOLIDAY
1978/10/10,1978/10/10,Holiday,holiday_262,体育の日,HOLIDAY
1978/11/3,1978/11/3,Holiday,holiday_263,文化の日,HOLIDAY
1978/11/23,1978/11/23,Holiday,holiday_264,勤労感謝の日,HOLIDAY
1979/1/1,1979/1/1,Holiday,holiday_265,元日,HOLIDAY
1979/1/15,1979/1/15,Holiday,holiday_266,成人の日,HOLIDAY
1979/2/11,1979/2/11,Holiday,holiday_267,建国記念の日,HOLIDAY
1979/2/12,1979/2/12,Holiday,holiday_268,休日,HOLIDAY
1979/3/21,1979/3/21,Holiday,holiday_269,春分の日,HOLIDAY
1979/4/29,1979/4/29,Holiday,holiday_270,天皇誕生日,HOLIDAY
1979/4/30,1979/4/30,Holiday,holiday_271,休日,HOLIDAY
1979/5/3,1979/5/3,Holiday,holiday_272,憲法記念日,HOLIDAY
1979/5/5,1979/5/5,Holiday,holiday_273,こどもの日,HOLIDAY
1979/9/15,1979/9/15,Holiday,holiday_274,敬老の日,HOLIDAY
1979/9/24,1979/9/24,Holiday,holiday_275,秋分の日,HOLIDAY
1979/10/10,1979/10/10,Holiday,holiday_276,体育の日,HOLIDAY
1979/11/3,1979/11/3,Holiday,holiday_277,文化の日,HOLIDAY
1979/11/23,1979/11/23,Holiday,holiday_278,勤労感謝の日,HOLIDAY
1980/1/1,1980/1/1,Holiday,holiday_279,元日,HOLIDAY
1980/1/15,1980/1/15,Holiday,holiday_280,成人の日,HOLIDAY
1980/2/11,1980/2/11,Holiday,holiday_281,建国記念の日,HOLIDAY
1980/3/20,1980/3/20,Holiday,holiday_282,春分の日,HOLIDAY
1980/4/29,1980/4/29,Holiday,holiday_283,天皇誕生日,HOLIDAY
1980/5/3,1980/5/3,Holiday,holiday_284,憲法記念日,HOLIDAY
1980/5/5,1980/5/5,Holiday,holiday_285,こどもの日,HOLIDAY
1980/9/15,1980/9/15,Holiday,holiday_286,敬老の日,HOLIDAY
1980/9/23,1980/9/23,Holiday,holiday_287,秋分の日,HOLIDAY
1980/10/10,1980/10/10,Holiday,holiday_288,体育の日,HOLIDAY
1980/11/3,1980/11/3,Holiday,holiday_289,文化の日,HOLIDAY
1980/11/23,1980/11/23,Holiday,holiday_290,勤労感謝の日,HOLIDAY
1980/11/24,1980/11/24,Holiday,holiday_291,休日,HOLIDAY
1981/1/1,1981/1/1,Holiday,holiday_292,元日,HOLIDAY
1981/1/15,1981/1/15,Holiday,holiday_293,成人の日,HOLIDAY
1981/2/11,1981/2/11,Holiday,holiday_294,建国記念の日,HOLIDAY
1981/3/21,1981/3/21,Holiday,holiday_295,春分の日,HOLIDAY
1981/4/29,1981/4/29,Holiday,holiday_296,天皇誕生日,HOLIDAY
1981/5/3,1981/5/3,Holiday,holiday_297,憲法記念日,HOLIDAY
1981/5/4,1981/5/4,Holiday,holiday_298,休日,HOLIDAY
1981/5/5,1981/5/5,Holiday,holiday_299,こどもの日,HOLIDAY
1981/9/15,1981/9/15,Holiday,holiday_300,敬老の日,HOLIDAY
1981/9/23,1981/9/23,Holiday,holiday_301,秋分の日,HOLIDAY
1981/10/10,1981/10/10,Holiday,holiday_302,体育の日,HOLIDAY
1981/11/3,1981/11/3,Holiday,holiday_303,文化の日,HOLIDAY
1981/11/23,1981/11/23,Holiday,holiday_304,勤労感謝の日,HOLIDAY
1982/1/1,1982/1/1,Holiday,holiday_305,元日,HOLIDAY
1982/1/15,1982/1/15,Holiday,holiday_306,成人の日,HOLIDAY
1982/2/11,1982/2/11,Holiday,holiday_307,建国記念の日,HOLIDAY
1982/3/21,1982/3/21,Holiday,holiday_308,春分の日,HOLIDAY
1982/3/22,1982/3/22,Holiday,holiday_309,休日,HOLIDAY
1982/4/29,1982/4/29,Holiday,holiday_310,天皇誕生日,HOLIDAY
1982/5/3,1982/5/3,Holiday,holiday_311,憲法記念日,HOLIDAY
1982/5/5,1982/5/5,Holiday,holiday_312,こどもの日,HOLIDAY
1982/9/15,1982/9/15,Holiday,holiday_313,敬老の日,HOLIDAY
1982/9/23,1982/9/23,Holiday,holiday_314,秋分の日,HOLIDAY
1982/10/10,1982/10/10,Holiday,holiday_315,体育の日,HOLIDAY
1982/10/11,1982/10/11,Holiday,holiday_316,休日,HOLIDAY
1982/11/3,1982/11/3,Holiday,holiday_317,文化の日,HOLIDAY
1982/11/23,1982/11/23,Holiday,holiday_318,勤労感謝の日,HOLIDAY
1983/1/1,1983/1/1,Holiday,holiday_319,元日,HOLIDAY
1983/1/15,1983/1/15,Holiday,holiday_320,成人の日,HOLIDAY
1983/2/11,1983/2/11,Holiday,holiday_321,建国記念の日,HOLIDAY
1983/3/21,1983/3/21,Holiday,holiday_322,春分の日,HOLIDAY
1983/4/29,1983/4/29,Holiday,holiday_323,天皇誕生日,HOLIDAY
1983/5/3,1983/5/3,Holiday,holiday_324,憲法記念日,HOLIDAY
1983/5/5,1983/5/5,Holiday,holiday_325,こどもの日,HOLIDAY
1983/9/15,1983/9/15,Holiday,holiday_326,敬老の日,HOLIDAY
1983/9/23,1983/9/23,Holiday,holiday_327,秋分の日,HOLIDAY
1983/10/10,1983/10/10,Holiday,holiday_328,体育の日,HOLIDAY
1983/11/3,1983/11/3,Holiday,holiday_329,文化の日,HOLIDAY
1983/11/23,1983/11/23,Holiday,holiday_330,勤労感謝の日,HOLIDAY
1984/1/1,1984/1/1,Holiday,holiday_331,元日,HOLIDAY
1984/1/2,1984/1/2,Holiday,holiday_332,休日,HOLIDAY
1984/1/15,1984/1/15,Holiday,holiday_333,成人の日,HOLIDAY
1984/1/16,1984/1/16,Holiday,holiday_334,休日,HOLIDAY
1984/2/11,1984/2/11,Holiday,holiday_335,建国記念の日,HOLIDAY
1984/3/20,1984/3/20,Holiday,holiday_336,春分の日,HOLIDAY
1984/4/29,1984/4/29,Holiday,holiday_337,天皇誕生日,HOLIDAY
1984/4/30,1984/4/30,Holiday,holiday_338,休日,HOLIDAY
1984/5/3,1984/5/3,Holiday,holiday_339,憲法記念日,HOLIDAY
1984/5/5,1984/5/5,Holiday,holiday_340,こどもの日,HOLIDAY
1984/9/15,1984/9/15,Holiday,holiday_341,敬老の日,HOLIDAY
1984/9/23,1984/9/23,Holiday,holiday_342,秋分の日,HOLIDAY
1984/9/24,1984/9/24,Holiday,holiday_343,休日,HOLIDAY
1984/10/10,1984/10/10,Holiday,holiday_344,体育の日,HOLIDAY
1984/11/3,1984/11/3,Holiday,holiday_345,文化の日,HOLIDAY
1984/11/23,1984/11/23,Holiday,holiday_346,勤労感謝の日,HOLIDAY
1985/1/1,1985/1/1,Holiday,holiday_347,元日,HOLIDAY
1985/1/15,1985/1/15,Holiday,holiday_348,成人の日,HOLIDAY
1985/2/11,1985/2/11,Holiday,holiday_349,建国記念の日,HOLIDAY
1985/3/21,1985/3/21,Holiday,holiday_350,春分の日,HOLIDAY
1985/4/29,1985/4/29,Holiday,holiday_351,天皇誕生日,HOLIDAY
1985/5/3,1985/5/3,Holiday,holiday_352,憲法記念日,HOLIDAY
1985/5/5,1985/5/5,Holiday,holiday_353,こどもの日,HOLIDAY
1985/5/6,1985/5/6,Holiday,holiday_354,休日,HOLIDAY
1985/9/15,1985/9/15,Holiday,holiday_355,敬老の日,HOLIDAY
1985/9/16,1985/9/16,Holiday,holiday_356,休日,HOLIDAY
1985/9/23,1985/9/23,Holiday,holiday_357,秋分の日,HOLIDAY
1985/10/10,1985/10/10,Holiday,holiday_358,体育の日,HOLIDAY
1985/11/3,1985/11/3,Holiday,holiday_359,文化の日,HOLIDAY
1985/11/4,1985/11/4,Holiday,holiday_360,休日,HOLIDAY
1985/11/23,1985/11/23,Holiday,holiday_361,勤労感謝の日,HOLIDAY
1986/1/1,1986/1/1,Holiday,holiday_362,元日,HOLIDAY
1986/1/15,1986/1/15,Holiday,holiday_363,成人の日,HOLIDAY
1986/2/11,1986/2/11,Holiday,holiday_364,建国記念の日,HOLIDAY
1986/3/21,1986/3/21,Holiday,holiday_365,春分の日,HOLIDAY
1986/4/29,1986/4/29,Holiday,holiday_366,天皇誕生日,HOLIDAY
1986/5/3,1986/5/3,Holiday,holiday_367,憲法記念日,HOLIDAY
1986/5/5,1986/5/5,Holiday,holiday_368,こどもの日,HOLIDAY
1986/9/15,1986/9/15,Holiday,holiday_369,敬老の日,HOLIDAY
1986/9/23,1986/9/23,Holiday,holiday_370,秋分の日,HOLIDAY
1986/10/10,1986/10/10,Holiday,holiday_371,体育の日,HOLIDAY
1986/11/3,1986/11/3,Holiday,holiday_372,文化の日,HOLIDAY
1986/11/23,1986/11/23,Holiday,holiday_373,勤労感謝の日,HOLIDAY
1986/11/24,1986/11/24,Holiday,holiday_374,休日,HOLIDAY
1987/1/1,1987/1/1,Holiday,holiday_375,元日,HOLIDAY
1987/1/15,1987/1/15,Holiday,holiday_376,成人の日,HOLIDAY
1987/2/11,1987/2/11,Holiday,holiday_377,建国記念の日,HOLIDAY
1987/3/21,1987/3/21,Holiday,holiday_378,春分の日,HOLIDAY
1987/4/29,1987/4/29,Holiday,holiday_379,天皇誕生日,HOLIDAY
1987/5/3,1987/5/3,Holiday,holiday_380,憲法記念日,HOLIDAY
1987/5/4,1987/5/4,Holiday,holiday_381,休日,HOLIDAY
1987/5/5,1987/5/5,Holiday,holiday_382,こどもの日,HOLIDAY
1987/9/15,1987/9/15,Holiday,holiday_383,敬老の日,HOLIDAY
1987/9/23,1987/9/23,Holiday,holiday_384,秋分の日,HOLIDAY
1987/10/10,1987/10/10,Holiday,holiday_385,体育の日,HOLIDAY
1987/11/3,1987/11/3,Holiday,holiday_386,文化の日,HOLIDAY
1987/11/23,1987/11/23,Holiday,holiday_387,勤労感謝の日,HOLIDAY
1988/1/1,1988/1/1,Holiday,holiday_388,元日,HOLIDAY
1988/1/15,1988/1/15,Holiday,holiday_389,成人の日,HOLIDAY
1988/2/11,1988/2/11,Holiday,holiday_390,建国記念の日,HOLIDAY
1988/3/20,1988/3/20,Holiday,holiday_391,春分の日,HOLIDAY
1988/3/21,1988/3/21,Holiday,holiday_392,休日,HOLIDAY
1988/4/29,1988/4/29,Holiday,holiday_393,天皇誕生日,HOLIDAY
1988/5/3,1988/5/3,Holiday,holiday_394,憲法記念日,HOLIDAY
1988/5/4,1988/5/4,Holiday,holiday_395,休日,HOLIDAY
1988/5/5,1988/5/5,Holiday,holiday_396,こどもの日,HOLIDAY
1988/9/15,1988/9/15,Holiday,holiday_397,敬老の日,HOLIDAY
1988/9/23,1988/9/23,Holiday,holiday_398,秋分の日,HOLIDAY
1988/10/10,1988/10/10,Holiday,holiday_399,体育の日,HOLIDAY
1988/11/3,1988/11/3,Holiday,holiday_400,文化の日,HOLIDAY
1988/11/23,1988/11/23,Holiday,holiday_401,勤労感謝の日,HOLIDAY
1989/1/1,1989/1/1,Holiday,holiday_402,元日,HOLIDAY
1989/1/2,1989/1/2,Holiday,holiday_403,休日,HOLIDAY
1989/1/15,1989/1/15,Holiday,holiday_404,成人の日,HOLIDAY
1989/1/16,1989/1/16,Holiday,holiday_405,休日,HOLIDAY
1989/2/11,1989/2/11,Holiday,holiday_406,建国記念の日,HOLIDAY
1989/2/24,1989/2/24,Holiday,holiday_407,大喪の礼,HOLIDAY
1989/3/21,1989/3/21,Holiday,holiday_408,春分の日,HOLIDAY
1989/4/29,1989/4/29,Holiday,holiday_409,みどりの日,HOLIDAY
1989/5/3,1989/5/3,Holiday,holiday_410,憲法記念日,HOLIDAY
1989/5/4,1989/5/4,Holiday,holiday_411,休日,HOLIDAY
1989/5/5,1989/5/5,Holiday,holiday_412,こどもの日,HOLIDAY
1989/9/15,1989/9/15,Holiday,holiday_413,敬老の日,HOLIDAY
1989/9/23,1989/9/23,Holiday,holiday_414,秋分の日,HOLIDAY
1989/10/10,1989/10/10,Holiday,holiday_415,体育の日,HOLIDAY
1989/11/3,1989/11/3,Holiday,holiday_416,文化の日,HOLIDAY
1989/11/23,1989/11/23,Holiday,holiday_417,勤労感謝の日,HOLIDAY
1989/12/23,1989/12/23,Holiday,holiday_418,天皇誕生日,HOLIDAY
1990/1/1,1990/1/1,Holiday,holiday_419,元日,HOLIDAY
1990/1/15,1990/1/15,Holiday,holiday_420,成人の日,HOLIDAY
1990/2/11,1990/2/11,Holiday,holiday_421,建国記念の日,HOLIDAY
1990/2/12,1990/2/12,Holiday,holiday_422,休日,HOLIDAY
1990/3/21,1990/3/21,Holiday,holiday_423,春分の日,HOLIDAY
1990/4/29,1990/4/29,Holiday,holiday_424,みどりの日,HOLIDAY
1990/4/30,1990/4/30,Holiday,holiday_425,休日,HOLIDAY
1990/5/3,1990/5/3,Holiday,holiday_426,憲法記念日,HOLIDAY
1990/5/4,1990/5/4,Holiday,holiday_427,休日,HOLIDAY
1990/5/5,1990/5/5,Holiday,holiday_428,こどもの日,HOLIDAY
1990/9/15,1990/9/15,Holiday,holiday_429,敬老の日,HOLIDAY
1990/9/23,1990/9/23,Holiday,holiday_430,秋分の日,HOLIDAY
1990/9/24,1990/9/24,Holiday,holiday_431,休日,HOLIDAY
1990/10/10,1990/10/10,Holiday,holiday_432,体育の日,HOLIDAY
1990/11/3,1990/11/3,Holiday,holiday_433,文化の日,HOLIDAY
1990/11/12,1990/11/12,Holiday,holiday_434,即位礼正殿の儀,HOLIDAY
1990/11/23,1990/11/23,Holiday,holiday_435,勤労感謝の日,HOLIDAY
1990/12/23,1990/12/23,Holiday,holiday_436,天皇誕生日,HOLIDAY
1990/12/24,1990/12/24,Holiday,holiday_437,休日,HOLIDAY
1991/1/1,1991/1/1,Holiday,holiday_438,元日,HOLIDAY
1991/1/15,1991/1/15,Holiday,holiday_439,成人の日,HOLIDAY
1991/2/11,1991/2/11,Holiday,holiday_440,建国記念の日,HOLIDAY
1991/3/21,1991/3/21,Holiday,holiday_441,春分の日,HOLIDAY
1991/4/29,1991/4/29,Holiday,holiday_442,みどりの日,HOLIDAY
1991/5/3,1991/5/3,Holiday,holiday_443,憲法記念日,HOLIDAY
1991/5/4,1991/5/4,Holiday,holiday_444,休日,HOLIDAY
1991/5/5,1991/5/5,Holiday,holiday_445,こどもの日,HOLIDAY
1991/5/6,1991/5/6,Holiday,holiday_446,休日,HOLIDAY
1991/9/15,1991/9/15,Holiday,holiday_447,敬老の日,HOLIDAY
1991/9/16,1991/9/16,Holiday,holiday_448,休日,HOLIDAY
1991/9/23,1991/9/23,Holiday,holiday_449,秋分の日,HOLIDAY
1991/10/10,1991/10/10,Holiday,holiday_450,体育の日,HOLIDAY
1991/11/3,1991/11/3,Holiday,holiday_451,文化の日,HOLIDAY
1991/11/4,1991/11/4,Holiday,holiday_452,休日,HOLIDAY
1991/11/23,1991/11/23,Holiday,holiday_453,勤労感謝の日,HOLIDAY
1991/12/23,1991/12/23,Holiday,holiday_454,天皇誕生日,HOLIDAY
1992/1/1,1992/1/1,Holiday,holiday_455,元日,HOLIDAY
1992/1/15,1992/1/15,Holiday,holiday_456,成人の日,HOLIDAY
1992/2/11,1992/2/11,Holiday,holiday_457,建国記念の日,HOLIDAY
1992/3/20,1992/3/20,Holiday,holiday_458,春分の日,HOLIDAY
1992/4/29,1992/4/29,Holiday,holiday_459,みどりの日,HOLIDAY
1992/5/3,1992/5/3,Holiday,holiday_460,憲法記念日,HOLIDAY
1992/5/4,1992/5/4,Holiday,holiday_461,休日,HOLIDAY
1992/5/5,1992/5/5,Holiday,holiday_462,こどもの日,HOLIDAY
1992/9/15,1992/9/15,Holiday,holiday_463,敬老の日,HOLIDAY
1992/9/23,1992/9/23,Holiday,holiday_464,秋分の日,HOLIDAY
1992/10/10,1992/10/10,Holiday,holiday_465,体育の日,HOLIDAY
1992/11/3,1992/11/3,Holiday,holiday_466,文化の日,HOLIDAY
1992/11/23,1992/11/23,Holiday,holiday_467,勤労感謝の日,HOLIDAY
1992/12/23,1992/12/23,Holiday,holiday_468,天皇誕生日,HOLIDAY
1993/1/1,1993/1/1,Holiday,holiday_469,元日,HOLIDAY
1993/1/15,1993/1/15,Holiday,holiday_470,成人の日,HOLIDAY
1993/2/11,1993/2/11,Holiday,holiday_471,建国記念の日,HOLIDAY
1993/3/20,1993/3/20,Holiday,holiday_472,春分の日,HOLIDAY
1993/4/29,1993/4/29,Holiday,holiday_473,みどりの日,HOLIDAY
1993/5/3,1993/5/3,Holiday,holiday_474,憲法記念日,HOLIDAY
1993/5/4,1993/5/4,Holiday,holiday_475,休日,HOLIDAY
1993/5/5,1993/5/5,Holiday,holiday_476,こどもの日,HOLIDAY
1993/6/9,1993/6/9,Holiday,holiday_477,結婚の儀,HOLIDAY
1993/9/15,1993/9/15,Holiday,holiday_478,敬老の日,HOLIDAY
1993/9/23,1993/9/23,Holiday,holiday_479,秋分の日,HOLIDAY
1993/10/10,1993/10/10,Holiday,holiday_480,体育の日,HOLIDAY
1993/10/11,1993/10/11,Holiday,holiday_481,休日,HOLIDAY
1993/11/3,1993/11/3,Holiday,holiday_482,文化の日,HOLIDAY
1993/11/23,1993/11/23,Holiday,holiday_483,勤労感謝の日,HOLIDAY
1993/12/23,1993/12/23,Holiday,holiday_484,天皇誕生日,HOLIDAY
1994/1/1,1994/1/1,Holiday,holiday_485,元日,HOLIDAY
1994/1/15,1994/1/15,Holiday,holiday_486,成人の日,HOLIDAY
1994/2/11,1994/2/11,Holiday,holiday_487,建国記念の日,HOLIDAY
1994/3/21,1994/3/21,Holiday,holiday_488,春分の日,HOLIDAY
1994/4/29,1994/4/29,Holiday,holiday_489,みどりの日,HOLIDAY
1994/5/3,1994/5/3,Holiday,holiday_490,憲法記念日,HOLIDAY
1994/5/4,1994/5/4,Holiday,holiday_491,休日,HOLIDAY
1994/5/5,1994/5/5,Holiday,holiday_492,こどもの日,HOLIDAY
1994/9/15,1994/9/15,Holiday,holiday_493,敬老の日,HOLIDAY
1994/9/23,1994/9/23,Holiday,holiday_494,秋分の日,HOLIDAY
1994/10/10,1994/10/10,Holiday,holiday_495,体育の日,HOLIDAY
1994/11/3,1994/11/3,Holiday,holiday_496,文化の日,HOLIDAY
1994/11/23,1994/11/23,Holiday,holiday_497,勤労感謝の日,HOLIDAY
1994/12/23,1994/12/23,Holiday,holiday_498,天皇誕生日,HOLIDAY
1995/1/1,1995/1/1,Holiday,holiday_499,元日,HOLIDAY
1995/1/2,1995/1/2,Holiday,holiday_500,休日,HOLIDAY
1995/1/15,1995/1/15,Holiday,holiday_501,成人の日,HOLIDAY
1995/1/16,1995/1/16,Holiday,holiday_502,休日,HOLIDAY
1995/2/11,1995/2/11,Holiday,holiday_503,建国記念の日,HOLIDAY
1995/3/21,1995/3/21,Holiday,holiday_504,春分の日,HOLIDAY
1995/4/29,1995/4/29,Holiday,holiday_505,みどりの日,HOLIDAY
1995/5/3,1995/5/3,Holiday,holiday_506,憲法記念日,HOLIDAY
1995/5/4,1995/5/4,Holiday,holiday_507,休日,HOLIDAY
1995/5/5,1995/5/5,Holiday,holiday_508,こどもの日,HOLIDAY
1995/9/15,1995/9/15,Holiday,holiday_509,敬老の日,HOLIDAY
1995/9/23,1995/9/23,Holiday,holiday_510,秋分の日,HOLIDAY
1995/10/10,1995/10/10,Holiday,holiday_511,体育の日,HOLIDAY
1995/11/3,1995/11/3,Holiday,holiday_512,文化の日,HOLIDAY
1995/11/23,1995/11/23,Holiday,holiday_513,勤労感謝の日,HOLIDAY
1995/12/23,1995/12/23,Holiday,holiday_514,天皇誕生日,HOLIDAY
1996/1/1,1996/1/1,Holiday,holiday_515,元日,HOLIDAY
1996/1/15,1996/1/15,Holiday,holiday_516,成人の日,HOLIDAY
1996/2/11,1996/2/11,Holiday,holiday_517,建国記念の日,HOLIDAY
1996/2/12,1996/2/12,Holiday,holiday_518,休日,HOLIDAY
1996/3/20,1996/3/20,Holiday,holiday_519,春分の日,HOLIDAY
1996/4/29,1996/4/29,Holiday,holiday_520,みどりの日,HOLIDAY
1996/5/3,1996/5/3,Holiday,holiday_521,憲法記念日,HOLIDAY
1996/5/4,1996/5/4,Holiday,holiday_522,休日,HOLIDAY
1996/5/5,1996/5/5,Holiday,holiday_523,こどもの日,HOLIDAY
1996/5/6,1996/5/6,Holiday,holiday_524,休日,HOLIDAY
1996/7/20,1996/7/20,Holiday,holiday_525,海の日,HOLIDAY
1996/9/15,1996/9/15,Holiday,holiday_526,敬老の日,HOLIDAY
1996/9/16,1996/9/16,Holiday,holiday_527,休日,HOLIDAY
1996/9/23,1996/9/23,Holiday,holiday_528,秋分の日,HOLIDAY
1996/10/10,1996/10/10,Holiday,holiday_529,体育の日,HOLIDAY
1996/11/3,1996/11/3,Holiday,holiday_530,文化の日,HOLIDAY
1996/11/4,1996/11/4,Holiday,holiday_531,休日,HOLIDAY
1996/11/23,1996/11/23,Holiday,holiday_532,勤労感謝の日,HOLIDAY
1996/12/23,1996/12/23,Holiday,holiday_533,天皇誕生日,HOLIDAY
1997/1/1,1997/1/1,Holiday,holiday_534,元日,HOLIDAY
1997/1/15,1997/1/15,Holiday,holiday_535,成人の日,HOLIDAY
1997/2/11,1997/2/11,Holiday,holiday_536,建国記念の日,HOLIDAY
1997/3/20,1997/3/20,Holiday,holiday_537,春分の日,HOLIDAY
1997/4/29,1997/4/29,Holiday,holiday_538,みどりの日,HOLIDAY
1997/5/3,1997/5/3,Holiday,holiday_539,憲法記念日,HOLIDAY
1997/5/5,1997/5/5,Holiday,holiday_540,こどもの日,HOLIDAY
1997/7/20,1997/7/20,Holiday,holiday_541,海の日,HOLIDAY
1997/7/21,1997/7/21,Holiday,holiday_542,休日,HOLIDAY
1997/9/15,1997/9/15,Holiday,holiday_543,敬老の日,HOLIDAY
1997/9/23,1997/9/23,Holiday,holiday_544,秋分の日,HOLIDAY
1997/10/10,1997/10/10,Holiday,holiday_545,体育の日,HOLIDAY
1997/11/3,1997/11/3,Holiday,holiday_546,文化の日,HOLIDAY
1997/11/23,1997/11/23,Holiday,holiday_547,勤労感謝の日,HOLIDAY
1997/11/24,1997/11/24,Holiday,holiday_548,休日,HOLIDAY
1997/12/23,1997/12/23,Holiday,holiday_549,天皇誕生日,HOLIDAY
1998/1/1,1998/1/1,Holiday,holiday_550,元日,HOLIDAY
1998/1/15,1998/1/15,Holiday,holiday_551,成人の日,HOLIDAY
1998/2/11,1998/2/11,Holiday,holiday_552,建国記念の日,HOLIDAY
1998/3/21,1998/3/21,Holiday,holiday_553,春分の日,HOLIDAY
1998/4/29,1998/4/29,Holiday,holiday_554,みどりの日,HOLIDAY
1998/5/3,1998/5/3,Holiday,holiday_555,憲法記念日,HOLIDAY
1998/5/4,1998/5/4,Holiday,holiday_556,休日,HOLIDAY
1998/5/5,1998/5/5,Holiday,holiday_557,こどもの日,HOLIDAY
1998/7/20,1998/7/20,Holiday,holiday_558,海の日,HOLIDAY
1998/9/15,1998/9/15,Holiday,holiday_559,敬老の日,HOLIDAY
1998/9/23,1998/9/23,Holiday,holiday_560,秋分の日,HOLIDAY
1998/10/10,1998/10/10,Holiday,holiday_561,体育の日,HOLIDAY
1998/11/3,1998/11/3,Holiday,holiday_562,文化の日,HOLIDAY
1998/11/23,1998/11/23,Holiday,holiday_563,勤労感謝の日,HOLIDAY
1998/12/23,1998/12/23,Holiday,holiday_564,天皇誕生日,HOLIDAY
1999/1/1,1999/1/1,Holiday,holiday_565,元日,HOLIDAY
1999/1/15,1999/1/15,Holiday,holiday_566,成人の日,HOLIDAY
1999/2/11,1999/2/11,Holiday,holiday_567,建国記念の日,HOLIDAY
1999/3/21,1999/3/21,Holiday,holiday_568,春分の日,HOLIDAY
1999/3/22,1999/3/22,Holiday,holiday_569,休日,HOLIDAY
1999/4/29,1999/4/29,Holiday,holiday_570,みどりの日,HOLIDAY
1999/5/3,1999/5/3,Holiday,holiday_571,憲法記念日,HOLIDAY
1999/5/4,1999/5/4,Holiday,holiday_572,休日,HOLIDAY
1999/5/5,1999/5/5,Holiday,holiday_573,こどもの日,HOLIDAY
1999/7/20,1999/7/20,Holiday,holiday_574,海の日,HOLIDAY
1999/9/15,1999/9/15,Holiday,holiday_575,敬老の日,HOLIDAY
1999/9/23,1999/9/23,Holiday,holiday_576,秋分の日,HOLIDAY
1999/10/10,1999/10/10,Holiday,holiday_577,体育の日,HOLIDAY
1999/10/11,1999/10/11,Holiday,holiday_578,休日,HOLIDAY
1999/11/3,1999/11/3,Holiday,holiday_579,文化の日,HOLIDAY
1999/11/23,1999/11/23,Holiday,holiday_580,勤労感謝の日,HOLIDAY
1999/12/23,1999/12/23,Holiday,holiday_581,天皇誕生日,HOLIDAY
2000/1/1,2000/1/1,Holiday,holiday_582,元日,HOLIDAY
2000/1/10,2000/1/10,Holiday,holiday_583,成人の日,HOLIDAY
2000/2/11,2000/2/11,Holiday,holiday_584,建国記念の日,HOLIDAY
2000/3/20,2000/3/20,Holiday,holiday_585,春分の日,HOLIDAY
2000/4/29,2000/4/29,Holiday,holiday_586,みどりの日,HOLIDAY
2000/5/3,2000/5/3,Holiday,holiday_587,憲法記念日,HOLIDAY
2000/5/4,2000/5/4,Holiday,holiday_588,休日,HOLIDAY
2000/5/5,2000/5/5,Holiday,holiday_589,こどもの日,HOLIDAY
2000/7/20,2000/7/20,Holiday,holiday_590,海の日,HOLIDAY
2000/9/15,2000/9/15,Holiday,holiday_591,敬老の日,HOLIDAY
2000/9/23,2000/9/23,Holiday,holiday_592,秋分の日,HOLIDAY
2000/10/9,2000/10/9,Holiday,holiday_593,体育の日,HOLIDAY
2000/11/3,2000/11/3,Holiday,holiday_594,文化の日,HOLIDAY
2000/11/23,2000/11/23,Holiday,holiday_595,勤労感謝の日,HOLIDAY
2000/12/23,2000/12/23,Holiday,holiday_596,天皇誕生日,HOLIDAY
2001/1/1,2001/1/1,Holiday,holiday_597,元日,HOLIDAY
2001/1/8,2001/1/8,Holiday,holiday_598,成人の日,HOLIDAY
2001/2/11,2001/2/11,Holiday,holiday_599,建国記念の日,HOLIDAY
2001/2/12,2001/2/12,Holiday,holiday_600,休日,HOLIDAY
2001/3/20,2001/3/20,Holiday,holiday_601,春分の日,HOLIDAY
2001/4/29,2001/4/29,Holiday,holiday_602,みどりの日,HOLIDAY
2001/4/30,2001/4/30,Holiday,holiday_603,休日,HOLIDAY
2001/5/3,2001/5/3,Holiday,holiday_604,憲法記念日,HOLIDAY
2001/5/4,2001/5/4,Holiday,holiday_605,休日,HOLIDAY
2001/5/5,2001/5/5,Holiday,holiday_606,こどもの日,HOLIDAY
2001/7/20,2001/7/20,Holiday,holiday_607,海の日,HOLIDAY
2001/9/15,2001/9/15,Holiday,holiday_608,敬老の日,HOLIDAY
2001/9/23,2001/9/23,Holiday,holiday_609,秋分の日,HOLIDAY
2001/9/24,2001/9/24,Holiday,holiday_610,休日,HOLIDAY
2001/10/8,2001/10/8,Holiday,holiday_611,体育の日,HOLIDAY
2001/11/3,2001/11/3,Holiday,holiday_612,文化の日,HOLIDAY
2001/11/23,2001/11/23,Holiday,holiday_613,勤労感謝の日,HOLIDAY
2001/12/23,2001/12/23,Holiday,holiday_614,天皇誕生日,HOLIDAY
2001/12/24,2001/12/24,Holiday,holiday_615,休日,HOLIDAY
2002/1/1,2002/1/1,Holiday,holiday_616,元日,HOLIDAY
2002/1/14,2002/1/14,Holiday,holiday_617,成人の日,HOLIDAY
2002/2/11,2002/2/11,Holiday,holiday_618,建国記念の日,HOLIDAY
2002/3/21,2002/3/21,Holiday,holiday_619,春分の日,HOLIDAY
2002/4/29,2002/4/29,Holiday,holiday_620,みどりの日,HOLIDAY
2002/5/3,2002/5/3,Holiday,holiday_621,憲法記念日,HOLIDAY
2002/5/4,2002/5/4,Holiday,holiday_622,休日,HOLIDAY
2002/5/5,2002/5/5,Holiday,holiday_623,こどもの日,HOLIDAY
2002/5/6,2002/5/6,Holiday,holiday_624,休日,HOLIDAY
2002/7/20,2002/7/20,Holiday,holiday_625,海の日,HOLIDAY
2002/9/15,2002/9/15,Holiday,holiday_626,敬老の日,HOLIDAY
2002/9/16,2002/9/16,Holiday,holiday_627,休日,HOLIDAY
2002/9/23,2002/9/23,Holiday,holiday_628,秋分の日,HOLIDAY
2002/10/14,2002/10/14,Holiday,holiday_629,体育の日,HOLIDAY
2002/11/3,2002/11/3,Holiday,holiday_630,文化の日,HOLIDAY
2002/11/4,2002/11/4,Holiday,holiday_631,休日,HOLIDAY
2002/11/23,2002/11/23,Holiday,holiday_632,勤労感謝の日,HOLIDAY
2002/12/23,2002/12/23,Holiday,holiday_633,天皇誕生日,HOLIDAY
2003/1/1,2003/1/1,Holiday,holiday_634,元日,HOLIDAY
2003/1/13,2003/1/13,Holiday,holiday_635,成人の日,HOLIDAY
2003/2/11,2003/2/11,Holiday,holiday_636,建国記念の日,HOLIDAY
2003/3/21,2003/3/21,Holiday,holiday_637,春分の日,HOLIDAY
2003/4/29,2003/4/29,Holiday,holiday_638,みどりの日,HOLIDAY
2003/5/3,2003/5/3,Holiday,holiday_639,憲法記念日,HOLIDAY
2003/5/5,2003/5/5,Holiday,holiday_640,こどもの日,HOLIDAY
2003/7/21,2003/7/21,Holiday,holiday_641,海の日,HOLIDAY
2003/9/15,2003/9/15,Holiday,holiday_642,敬老の日,HOLIDAY
2003/9/23,2003/9/23,Holiday,holiday_643,秋分の日,HOLIDAY
2003/10/13,2003/10/13,Holiday,holiday_644,体育の日,HOLIDAY
2003/11/3,2003/11/3,Holiday,holiday_645,文化の日,HOLIDAY
2003/11/23,2003/11/23,Holiday,holiday_646,勤労感謝の日,HOLIDAY
2003/11/24,2003/11/24,Holiday,holiday_647,休日,HOLIDAY
2003/12/23,2003/12/23,Holiday,holiday_648,天皇誕生日,HOLIDAY
2004/1/1,2004/1/1,Holiday,holiday_649,元日,HOLIDAY
2004/1/12,2004/1/12,Holiday,holiday_650,成人の日,HOLIDAY
2004/2/11,2004/2/11,Holiday,holiday_651,建国記念の日,HOLIDAY
2004/3/20,2004/3/20,Holiday,holiday_652,春分の日,HOLIDAY
2004/4/29,2004/4/29,Holiday,holiday_653,みどりの日,HOLIDAY
2004/5/3,2004/5/3,Holiday,holiday_654,憲法記念日,HOLIDAY
2004/5/4,2004/5/4,Holiday,holiday_655,休日,HOLIDAY
2004/5/5,2004/5/5,Holiday,holiday_656,こどもの日,HOLIDAY
2004/7/19,2004/7/19,Holiday,holiday_657,海の日,HOLIDAY
2004/9/20,2004/9/20,Holiday,holiday_658,敬老の日,HOLIDAY
2004/9/23,2004/9/23,Holiday,holiday_659,秋分の日,HOLIDAY
2004/10/11,2004/10/11,Holiday,holiday_660,体育の日,HOLIDAY
2004/11/3,2004/11/3,Holiday,holiday_661,文化の日,HOLIDAY
2004/11/23,2004/11/23,Holiday,holiday_662,勤労感謝の日,HOLIDAY
2004/12/23,2004/12/23,Holiday,holiday_663,天皇誕生日,HOLIDAY
2005/1/1,2005/1/1,Holiday,holiday_664,元日,HOLIDAY
2005/1/10,2005/1/10,Holiday,holiday_665,成人の日,HOLIDAY
2005/2/11,2005/2/11,Holiday,holiday_666,建国記念の日,HOLIDAY
2005/3/20,2005/3/20,Holiday,holiday_667,春分の日,HOLIDAY
2005/3/21,2005/3/21,Holiday,holiday_668,休日,HOLIDAY
2005/4/29,2005/4/29,Holiday,holiday_669,みどりの日,HOLIDAY
2005/5/3,2005/5/3,Holiday,holiday_670,憲法記念日,HOLIDAY
2005/5/4,2005/5/4,Holiday,holiday_671,休日,HOLIDAY
2005/5/5,2005/5/5,Holiday,holiday_672,こどもの日,HOLIDAY
2005/7/18,2005/7/18,Holiday,holiday_673,海の日,HOLIDAY
2005/9/19,2005/9/19,Holiday,holiday_674,敬老の日,HOLIDAY
2005/9/23,2005/9/23,Holiday,holiday_675,秋分の日,HOLIDAY
2005/10/10,2005/10/10,Holiday,holiday_676,体育の日,HOLIDAY
2005/11/3,2005/11/3,Holiday,holiday_677,文化の日,HOLIDAY
2005/11/23,2005/11/23,Holiday,holiday_678,勤労感謝の日,HOLIDAY
2005/12/23,2005/12/23,Holiday,holiday_679,天皇誕生日,HOLIDAY
2006/1/1,2006/1/1,Holiday,holiday_680,元日,HOLIDAY
2006/1/2,2006/1/2,Holiday,holiday_681,休日,HOLIDAY
2006/1/9,2006/1/9,Holiday,holiday_682,成人の日,HOLIDAY
2006/2/11,2006/2/11,Holiday,holiday_683,建国記念の日,HOLIDAY
2006/3/21,2006/3/21,Holiday,holiday_684,春分の日,HOLIDAY
2006/4/29,2006/4/29,Holiday,holiday_685,みどりの日,HOLIDAY
2006/5/3,2006/5/3,Holiday,holiday_686,憲法記念日,HOLIDAY
2006/5/4,2006/5/4,Holiday,holiday_687,休日,HOLIDAY
2006/5/5,2006/5/5,Holiday,holiday_688,こどもの日,HOLIDAY
2006/7/17,2006/7/17,Holiday,holiday_689,海の日,HOLIDAY
2006/9/18,2006/9/18,Holiday,holiday_690,敬老の日,HOLIDAY
2006/9/23,2006/9/23,Holiday,holiday_691,秋分の日,HOLIDAY
2006/10/9,2006/10/9,Holiday,holiday_692,体育の日,HOLIDAY
2006/11/3,2006/11/3,Holiday,holiday_693,文化の日,HOLIDAY
2006/11/23,2006/11/23,Holiday,holiday_694,勤労感謝の日,HOLIDAY
2006/12/23,2006/12/23,Holiday,holiday_695,天皇誕生日,HOLIDAY
2007/1/1,2007/1/1,Holiday,holiday_696,元日,HOLIDAY
2007/1/8,2007/1/8,Holiday,holiday_697,成人の日,HOLIDAY
2007/2/11,2007/2/11,Holiday,holiday_698,建国記念の日,HOLIDAY
2007/2/12,2007/2/12,Holiday,holiday_699,休日,HOLIDAY
2007/3/21,2007/3/21,Holiday,holiday_700,春分の日,HOLIDAY
2007/4/29,2007/4/29,Holiday,holiday_701,昭和の日,HOLIDAY
2007/4/30,2007/4/30,Holiday,holiday_702,休日,HOLIDAY
2007/5/3,2007/5/3,Holiday,holiday_703,憲法記念日,HOLIDAY
2007/5/4,2007/5/4,Holiday,holiday_704,みどりの日,HOLIDAY
2007/5/5,2007/5/5,Holiday,holiday_705,こどもの日,HOLIDAY
2007/7/16,2007/7/16,Holiday,holiday_706,海の日,HOLIDAY
2007/9/17,2007/9/17,Holiday,holiday_707,敬老の日,HOLIDAY
2007/9/23,2007/9/23,Holiday,holiday_708,秋分の日,HOLIDAY
2007/9/24,2007/9/24,Holiday,holiday_709,休日,HOLIDAY
2007/10/8,2007/10/8,Holiday,holiday_710,体育の日,HOLIDAY
2007/11/3,2007/11/3,Holiday,holiday_711,文化の日,HOLIDAY
2007/11/23,2007/11/23,Holiday,holiday_712,勤労感謝の日,HOLIDAY
2007/12/23,2007/12/23,Holiday,holiday_713,天皇誕生日,HOLIDAY
2007/12/24,2007/12/24,Holiday,holiday_714,休日,HOLIDAY
2008/1/1,2008/1/1,Holiday,holiday_715,元日,HOLIDAY
2008/1/14,2008/1/14,Holiday,holiday_716,成人の日,HOLIDAY
2008/2/11,2008/2/11,Holiday,holiday_717,建国記念の日,HOLIDAY
2008/3/20,2008/3/20,Holiday,holiday_718,春分の日,HOLIDAY
2008/4/29,2008/4/29,Holiday,holiday_719,昭和の日,HOLIDAY
2008/5/3,2008/5/3,Holiday,holiday_720,憲法記念日,HOLIDAY
2008/5/4,2008/5/4,Holiday,holiday_721,みどりの日,HOLIDAY
2008/5/5,2008/5/5,Holiday,holiday_722,こどもの日,HOLIDAY
2008/5/6,2008/5/6,Holiday,holiday_723,休日,HOLIDAY
2008/7/21,2008/7/21,Holiday,holiday_724,海の日,HOLIDAY
2008/9/15,2008/9/15,Holiday,holiday_725,敬老の日,HOLIDAY
2008/9/23,2008/9/23,Holiday,holiday_726,秋分の日,HOLIDAY
2008/10/13,2008/10/13,Holiday,holiday_727,体育の日,HOLIDAY
2008/11/3,2008/11/3,Holiday,holiday_728,文化の日,HOLIDAY
2008/11/23,2008/11/23,Holiday,holiday_729,勤労感謝の日,HOLIDAY
2008/11/24,2008/11/24,Holiday,holiday_730,休日,HOLIDAY
2008/12/23,2008/12/23,Holiday,holiday_731,天皇誕生日,HOLIDAY
2009/1/1,2009/1/1,Holiday,holiday_732,元日,HOLIDAY
2009/1/12,2009/1/12,Holiday,holiday_733,成人の日,HOLIDAY
2009/2/11,2009/2/11,Holiday,holiday_734,建国記念の日,HOLIDAY
2009/3/20,2009/3/20,Holiday,holiday_735,春分の日,HOLIDAY
2009/4/29,2009/4/29,Holiday,holiday_736,昭和の日,HOLIDAY
2009/5/3,2009/5/3,Holiday,holiday_737,憲法記念日,HOLIDAY
2009/5/4,2009/5/4,Holiday,holiday_738,みどりの日,HOLIDAY
2009/5/5,2009/5/5,Holiday,holiday_739,こどもの日,HOLIDAY
2009/5/6,2009/5/6,Holiday,holiday_740,休日,HOLIDAY
2009/7/20,2009/7/20,Holiday,holiday_741,海の日,HOLIDAY
2009/9/21,2009/9/21,Holiday,holiday_742,敬老の日,HOLIDAY
2009/9/22,2009/9/22,Holiday,holiday_743,休日,HOLIDAY
2009/9/23,2009/9/23,Holiday,holiday_744,秋分の日,HOLIDAY
2009/10/12,2009/10/12,Holiday,holiday_745,体育の日,HOLIDAY
2009/11/3,2009/11/3,Holiday,holiday_746,文化の日,HOLIDAY
2009/11/23,2009/11/23,Holiday,holiday_747,勤労感謝の日,HOLIDAY
2009/12/23,2009/12/23,Holiday,holiday_748,天皇誕生日,HOLIDAY
2010/1/1,2010/1/1,Holiday,holiday_749,元日,HOLIDAY
2010/1/11,2010/1/11,Holiday,holiday_750,成人の日,HOLIDAY
2010/2/11,2010/2/11,Holiday,holiday_751,建国記念の日,HOLIDAY
2010/3/21,2010/3/21,Holiday,holiday_752,春分の日,HOLIDAY
2010/3/22,2010/3/22,Holiday,holiday_753,休日,HOLIDAY
2010/4/29,2010/4/29,Holiday,holiday_754,昭和の日,HOLIDAY
2010/5/3,2010/5/3,Holiday,holiday_755,憲法記念日,HOLIDAY
2010/5/4,2010/5/4,Holiday,holiday_756,みどりの日,HOLIDAY
2010/5/5,2010/5/5,Holiday,holiday_757,こどもの日,HOLIDAY
2010/7/19,2010/7/19,Holiday,holiday_758,海の日,HOLIDAY
2010/9/20,2010/9/20,Holiday,holiday_759,敬老の日,HOLIDAY
2010/9/23,2010/9/23,Holiday,holiday_760,秋分の日,HOLIDAY
2010/10/11,2010/10/11,Holiday,holiday_761,体育の日,HOLIDAY
2010/11/3,2010/11/3,Holiday,holiday_762,文化の日,HOLIDAY
2010/11/23,2010/11/23,Holiday,holiday_763,勤労感謝の日,HOLIDAY
2010/12/23,2010/12/23,Holiday,holiday_764,天皇誕生日,HOLIDAY
2011/1/1,2011/1/1,Holiday,holiday_765,元日,HOLIDAY
2011/1/10,2011/1/10,Holiday,holiday_766,成人の日,HOLIDAY
2011/2/11,2011/2/11,Holiday,holiday_767,建国記念の日,HOLIDAY
2011/3/21,2011/3/21,Holiday,holiday_768,春分の日,HOLIDAY
2011/4/29,2011/4/29,Holiday,holiday_769,昭和の日,HOLIDAY
2011/5/3,2011/5/3,Holiday,holiday_770,憲法記念日,HOLIDAY
2011/5/4,2011/5/4,Holiday,holiday_771,みどりの日,HOLIDAY
2011/5/5,2011/5/5,Holiday,holiday_772,こどもの日,HOLIDAY
2011/7/18,2011/7/18,Holiday,holiday_773,海の日,HOLIDAY
2011/9/19,2011/9/19,Holiday,holiday_774,敬老の日,HOLIDAY
2011/9/23,2011/9/23,Holiday,holiday_775,秋分の日,HOLIDAY
2011/10/10,2011/10/10,Holiday,holiday_776,体育の日,HOLIDAY
2011/11/3,2011/11/3,Holiday,holiday_777,文化の日,HOLIDAY
2011/11/23,2011/11/23,Holiday,holiday_778,勤労感謝の日,HOLIDAY
2011/12/23,2011/12/23,Holiday,holiday_779,天皇誕生日,HOLIDAY
2012/1/1,2012/1/1,Holiday,holiday_780,元日,HOLIDAY
2012/1/2,2012/1/2,Holiday,holiday_781,休日,HOLIDAY
2012/1/9,2012/1/9,Holiday,holiday_782,成人の日,HOLIDAY
2012/2/11,2012/2/11,Holiday,holiday_783,建国記念の日,HOLIDAY
2012/3/20,2012/3/20,Holiday,holiday_784,春分の日,HOLIDAY
2012/4/29,2012/4/29,Holiday,holiday_785,昭和の日,HOLIDAY
2012/4/30,2012/4/30,Holiday,holiday_786,休日,HOLIDAY
2012/5/3,2012/5/3,Holiday,holiday_787,憲法記念日,HOLIDAY
2012/5/4,2012/5/4,Holiday,holiday_788,みどりの日,HOLIDAY
2012/5/5,2012/5/5,Holiday,holiday_789,こどもの日,HOLIDAY
2012/7/16,2012/7/16,Holiday,holiday_790,海の日,HOLIDAY
2012/9/17,2012/9/17,Holiday,holiday_791,敬老の日,HOLIDAY
2012/9/22,2012/9/22,Holiday,holiday_792,秋分の日,HOLIDAY
2012/10/8,2012/10/8,Holiday,holiday_793,体育の日,HOLIDAY
2012/11/3,2012/11/3,Holiday,holiday_794,文化の日,HOLIDAY
2012/11/23,2012/11/23,Holiday,holiday_795,勤労感謝の日,HOLIDAY
2012/12/23,2012/12/23,Holiday,holiday_796,天皇誕生日,HOLIDAY
2012/12/24,2012/12/24,Holiday,holiday_797,休日,HOLIDAY
2013/1/1,2013/1/1,Holiday,holiday_798,元日,HOLIDAY
2013/1/14,2013/1/14,Holiday,holiday_799,成人の日,HOLIDAY
2013/2/11,2013/2/11,Holiday,holiday_800,建国記念の日,HOLIDAY
2013/3/20,2013/3/20,Holiday,holiday_801,春分の日,HOLIDAY
2013/4/29,2013/4/29,Holiday,holiday_802,昭和の日,HOLIDAY
2013/5/3,2013/5/3,Holiday,holiday_803,憲法記念日,HOLIDAY
2013/5/4,2013/5/4,Holiday,holiday_804,みどりの日,HOLIDAY
2013/5/5,2013/5/5,Holiday,holiday_805,こどもの日,HOLIDAY
2013/5/6,2013/5/6,Holiday,holiday_806,休日,HOLIDAY
2013/7/15,2013/7/15,Holiday,holiday_807,海の日,HOLIDAY
2013/9/16,2013/9/16,Holiday,holiday_808,敬老の日,HOLIDAY
2013/9/23,2013/9/23,Holiday,holiday_809,秋分の日,HOLIDAY
2013/10/14,2013/10/14,Holiday,holiday_810,体育の日,HOLIDAY
2013/11/3,2013/11/3,Holiday,holiday_811,文化の日,HOLIDAY
2013/11/4,2013/11/4,Holiday,holiday_812,休日,HOLIDAY
2013/11/23,2013/11/23,Holiday,holiday_813,勤労感謝の日,HOLIDAY
2013/12/23,2013/12/23,Holiday,holiday_814,天皇誕生日,HOLIDAY
2014/1/1,2014/1/1,Holiday,holiday_815,元日,HOLIDAY
2014/1/13,2014/1/13,Holiday,holiday_816,成人の日,HOLIDAY
2014/2/11,2014/2/11,Holiday,holiday_817,建国記念の日,HOLIDAY
2014/3/21,2014/3/21,Holiday,holiday_818,春分の日,HOLIDAY
2014/4/29,2014/4/29,Holiday,holiday_819,昭和の日,HOLIDAY
2014/5/3,2014/5/3,Holiday,holiday_820,憲法記念日,HOLIDAY
2014/5/4,2014/5/4,Holiday,holiday_821,みどりの日,HOLIDAY
2014/5/5,2014/5/5,Holiday,holiday_822,こどもの日,HOLIDAY
2014/5/6,2014/5/6,Holiday,holiday_823,休日,HOLIDAY
2014/7/21,2014/7/21,Holiday,holiday_824,海の日,HOLIDAY
2014/9/15,2014/9/15,Holiday,holiday_825,敬老の日,HOLIDAY
2014/9/23,2014/9/23,Holiday,holiday_826,秋分の日,HOLIDAY
2014/10/13,2014/10/13,Holiday,holiday_827,体育の日,HOLIDAY
2014/11/3,2014/11/3,Holiday,holiday_828,文化の日,HOLIDAY
2014/11/23,2014/11/23,Holiday,holiday_829,勤労感謝の日,HOLIDAY
2014/11/24,2014/11/24,Holiday,holiday_830,休日,HOLIDAY
2014/12/23,2014/12/23,Holiday,holiday_831,天皇誕生日,HOLIDAY
2015/1/1,2015/1/1,Holiday,holiday_832,元日,HOLIDAY
2015/1/12,2015/1/12,Holiday,holiday_833,成人の日,HOLIDAY
2015/2/11,2015/2/11,Holiday,holiday_834,建国記念の日,HOLIDAY
2015/3/21,2015/3/21,Holiday,holiday_835,春分の日,HOLIDAY
2015/4/29,2015/4/29,Holiday,holiday_836,昭和の日,HOLIDAY
2015/5/3,2015/5/3,Holiday,holiday_837,憲法記念日,HOLIDAY
2015/5/4,2015/5/4,Holiday,holiday_838,みどりの日,HOLIDAY
2015/5/5,2015/5/5,Holiday,holiday_839,こどもの日,HOLIDAY
2015/5/6,2015/5/6,Holiday,holiday_840,休日,HOLIDAY
2015/7/20,2015/7/20,Holiday,holiday_841,海の日,HOLIDAY
2015/9/21,2015/9/21,Holiday,holiday_842,敬老の日,HOLIDAY
2015/9/22,2015/9/22,Holiday,holiday_843,休日,HOLIDAY
2015/9/23,2015/9/23,Holiday,holiday_844,秋分の日,HOLIDAY
2015/10/12,2015/10/12,Holiday,holiday_845,体育の日,HOLIDAY
2015/11/3,2015/11/3,Holiday,holiday_846,文化の日,HOLIDAY
2015/11/23,2015/11/23,Holiday,holiday_847,勤労感謝の日,HOLIDAY
2015/12/23,2015/12/23,Holiday,holiday_848,天皇誕生日,HOLIDAY
2016/1/1,2016/1/1,Holiday,holiday_849,元日,HOLIDAY
2016/1/11,2016/1/11,Holiday,holiday_850,成人の日,HOLIDAY
2016/2/11,2016/2/11,Holiday,holiday_851,建国記念の日,HOLIDAY
2016/3/20,2016/3/20,Holiday,holiday_852,春分の日,HOLIDAY
2016/3/21,2016/3/21,Holiday,holiday_853,休日,HOLIDAY
2016/4/29,2016/4/29,Holiday,holiday_854,昭和の日,HOLIDAY
2016/5/3,2016/5/3,Holiday,holiday_855,憲法記念日,HOLIDAY
2016/5/4,2016/5/4,Holiday,holiday_856,みどりの日,HOLIDAY
2016/5/5,2016/5/5,Holiday,holiday_857,こどもの日,HOLIDAY
2016/7/18,2016/7/18,Holiday,holiday_858,海の日,HOLIDAY
2016/8/11,2016/8/11,Holiday,holiday_859,山の日,HOLIDAY
2016/9/19,2016/9/19,Holiday,holiday_860,敬老の日,HOLIDAY
2016/9/22,2016/9/22,Holiday,holiday_861,秋分の日,HOLIDAY
2016/10/10,2016/10/10,Holiday,holiday_862,体育の日,HOLIDAY
2016/11/3,2016/11/3,Holiday,holiday_863,文化の日,HOLIDAY
2016/11/23,2016/11/23,Holiday,holiday_864,勤労感謝の日,HOLIDAY
2016/12/23,2016/12/23,Holiday,holiday_865,天皇誕生日,HOLIDAY
2017/1/1,2017/1/1,Holiday,holiday_866,元日,HOLIDAY
2017/1/2,2017/1/2,Holiday,holiday_867,休日,HOLIDAY
2017/1/9,2017/1/9,Holiday,holiday_868,成人の日,HOLIDAY
2017/2/11,2017/2/11,Holiday,holiday_869,建国記念の日,HOLIDAY
2017/3/20,2017/3/20,Holiday,holiday_870,春分の日,HOLIDAY
2017/4/29,2017/4/29,Holiday,holiday_871,昭和の日,HOLIDAY
2017/5/3,2017/5/3,Holiday,holiday_872,憲法記念日,HOLIDAY
2017/5/4,2017/5/4,Holiday,holiday_873,みどりの日,HOLIDAY
2017/5/5,2017/5/5,Holiday,holiday_874,こどもの日,HOLIDAY
2017/7/17,2017/7/17,Holiday,holiday_875,海の日,HOLIDAY
2017/8/11,2017/8/11,Holiday,holiday_876,山の日,HOLIDAY
2017/9/18,2017/9/18,Holiday,holiday_877,敬老の日,HOLIDAY
2017/9/23,2017/9/23,Holiday,holiday_878,秋分の日,HOLIDAY
2017/10/9,2017/10/9,Holiday,holiday_879,体育の日,HOLIDAY
2017/11/3,2017/11/3,Holiday,holiday_880,文化の日,HOLIDAY
2017/11/23,2017/11/23,Holiday,holiday_881,勤労感謝の日,HOLIDAY
2017/12/23,2017/12/23,Holiday,holiday_882,天皇誕生日,HOLIDAY
2018/1/1,2018/1/1,Holiday,holiday_883,元日,HOLIDAY
2018/1/8,2018/1/8,Holiday,holiday_884,成人の日,HOLIDAY
2018/2/11,2018/2/11,Holiday,holiday_885,建国記念の日,HOLIDAY
2018/2/12,2018/2/12,Holiday,holiday_886,休日,HOLIDAY
2018/3/21,2018/3/21,Holiday,holiday_887,春分の日,HOLIDAY
2018/4/29,2018/4/29,Holiday,holiday_888,昭和の日,HOLIDAY
2018/4/30,2018/4/30,Holiday,holiday_889,休日,HOLIDAY
2018/5/3,2018/5/3,Holiday,holiday_890,憲法記念日,HOLIDAY
2018/5/4,2018/5/4,Holiday,holiday_891,みどりの日,HOLIDAY
2018/5/5,2018/5/5,Holiday,holiday_892,こどもの日,HOLIDAY
2018/7/16,2018/7/16,Holiday,holiday_893,海の日,HOLIDAY
2018/8/11,2018/8/11,Holiday,holiday_894,山の日,HOLIDAY
2018/9/17,2018/9/17,Holiday,holiday_895,敬老の日,HOLIDAY
2018/9/23,2018/9/23,Holiday,holiday_896,秋分の日,HOLIDAY
2018/9/24,2018/9/24,Holiday,holiday_897,休日,HOLIDAY
2018/10/8,2018/10/8,Holiday,holiday_898,体育の日,HOLIDAY
2018/11/3,2018/11/3,Holiday,holiday_899,文化の日,HOLIDAY
2018/11/23,2018/11/23,Holiday,holiday_900,勤労感謝の日,HOLIDAY
2018/12/23,2018/12/23,Holiday,holiday_901,天皇誕生日,HOLIDAY
2018/12/24,2018/12/24,Holiday,holiday_902,休日,HOLIDAY
2019/1/1,2019/1/1,Holiday,holiday_903,元日,HOLIDAY
2019/1/14,2019/1/14,Holiday,holiday_904,成人の日,HOLIDAY
2019/2/11,2019/2/11,Holiday,holiday_905,建国記念の日,HOLIDAY
2019/3/21,2019/3/21,Holiday,holiday_906,春分の日,HOLIDAY
2019/4/29,2019/4/29,Holiday,holiday_907,昭和の日,HOLIDAY
2019/4/30,2019/4/30,Holiday,holiday_908,休日,HOLIDAY
2019/5/1,2019/5/1,Holiday,holiday_909,休日（祝日扱い）,HOLIDAY
2019/5/2,2019/5/2,Holiday,holiday_910,休日,HOLIDAY
2019/5/3,2019/5/3,Holiday,holiday_911,憲法記念日,HOLIDAY
2019/5/4,2019/5/4,Holiday,holiday_912,みどりの日,HOLIDAY
2019/5/5,2019/5/5,Holiday,holiday_913,こどもの日,HOLIDAY
2019/5/6,2019/5/6,Holiday,holiday_914,休日,HOLIDAY
2019/7/15,2019/7/15,Holiday,holiday_915,海の日,HOLIDAY
2019/8/11,2019/8/11,Holiday,holiday_916,山の日,HOLIDAY
2019/8/12,2019/8/12,Holiday,holiday_917,休日,HOLIDAY
2019/9/16,2019/9/16,Holiday,holiday_918,敬老の日,HOLIDAY
2019/9/23,2019/9/23,Holiday,holiday_919,秋分の日,HOLIDAY
2019/10/14,2019/10/14,Holiday,holiday_920,体育の日（スポーツの日）,HOLIDAY
2019/10/22,2019/10/22,Holiday,holiday_921,休日（祝日扱い）,HOLIDAY
2019/11/3,2019/11/3,Holiday,holiday_922,文化の日,HOLIDAY
2019/11/4,2019/11/4,Holiday,holiday_923,休日,HOLIDAY
2019/11/23,2019/11/23,Holiday,holiday_924,勤労感謝の日,HOLIDAY
2020/1/1,2020/1/1,Holiday,holiday_925,元日,HOLIDAY
2020/1/13,2020/1/13,Holiday,holiday_926,成人の日,HOLIDAY
2020/2/11,2020/2/11,Holiday,holiday_927,建国記念の日,HOLIDAY
2020/2/23,2020/2/23,Holiday,holiday_928,天皇誕生日,HOLIDAY
2020/2/24,2020/2/24,Holiday,holiday_929,休日,HOLIDAY
2020/3/20,2020/3/20,Holiday,holiday_930,春分の日,HOLIDAY
2020/4/29,2020/4/29,Holiday,holiday_931,昭和の日,HOLIDAY
2020/5/3,2020/5/3,Holiday,holiday_932,憲法記念日,HOLIDAY
2020/5/4,2020/5/4,Holiday,holiday_933,みどりの日,HOLIDAY
2020/5/5,2020/5/5,Holiday,holiday_934,こどもの日,HOLIDAY
2020/5/6,2020/5/6,Holiday,holiday_935,休日,HOLIDAY
2020/7/23,2020/7/23,Holiday,holiday_936,海の日,HOLIDAY
2020/7/24,2020/7/24,Holiday,holiday_937,スポーツの日,HOLIDAY
2020/8/10,2020/8/10,Holiday,holiday_938,山の日,HOLIDAY
2020/9/21,2020/9/21,Holiday,holiday_939,敬老の日,HOLIDAY
2020/9/22,2020/9/22,Holiday,holiday_940,秋分の日,HOLIDAY
2020/11/3,2020/11/3,Holiday,holiday_941,文化の日,HOLIDAY
2020/11/23,2020/11/23,Holiday,holiday_942,勤労感謝の日,HOLIDAY
2021/1/1,2021/1/1,Holiday,holiday_943,元日,HOLIDAY
2021/1/11,2021/1/11,Holiday,holiday_944,成人の日,HOLIDAY
2021/2/11,2021/2/11,Holiday,holiday_945,建国記念の日,HOLIDAY
2021/2/23,2021/2/23,Holiday,holiday_946,天皇誕生日,HOLIDAY
2021/3/20,2021/3/20,Holiday,holiday_947,春分の日,HOLIDAY
2021/4/29,2021/4/29,Holiday,holiday_948,昭和の日,HOLIDAY
2021/5/3,2021/5/3,Holiday,holiday_949,憲法記念日,HOLIDAY
2021/5/4,2021/5/4,Holiday,holiday_950,みどりの日,HOLIDAY
2021/5/5,2021/5/5,Holiday,holiday_951,こどもの日,HOLIDAY
2021/7/22,2021/7/22,Holiday,holiday_952,海の日,HOLIDAY
2021/7/23,2021/7/23,Holiday,holiday_953,スポーツの日,HOLIDAY
2021/8/8,2021/8/8,Holiday,holiday_954,山の日,HOLIDAY
2021/8/9,2021/8/9,Holiday,holiday_955,休日,HOLIDAY
2021/9/20,2021/9/20,Holiday,holiday_956,敬老の日,HOLIDAY
2021/9/23,2021/9/23,Holiday,holiday_957,秋分の日,HOLIDAY
2021/11/3,2021/11/3,Holiday,holiday_958,文化の日,HOLIDAY
2021/11/23,2021/11/23,Holiday,holiday_959,勤労感謝の日,HOLIDAY
2022/1/1,2022/1/1,Holiday,holiday_960,元日,HOLIDAY
2022/1/10,2022/1/10,Holiday,holiday_961,成人の日,HOLIDAY
2022/2/11,2022/2/11,Holiday,holiday_962,建国記念の日,HOLIDAY
2022/2/23,2022/2/23,Holiday,holiday_963,天皇誕生日,HOLIDAY
2022/3/21,2022/3/21,Holiday,holiday_964,春分の日,HOLIDAY
2022/4/29,2022/4/29,Holiday,holiday_965,昭和の日,HOLIDAY
2022/5/3,2022/5/3,Holiday,holiday_966,憲法記念日,HOLIDAY
2022/5/4,2022/5/4,Holiday,holiday_967,みどりの日,HOLIDAY
2022/5/5,2022/5/5,Holiday,holiday_968,こどもの日,HOLIDAY
2022/7/18,2022/7/18,Holiday,holiday_969,海の日,HOLIDAY
2022/8/11,2022/8/11,Holiday,holiday_970,山の日,HOLIDAY
2022/9/19,2022/9/19,Holiday,holiday_971,敬老の日,HOLIDAY
2022/9/23,2022/9/23,Holiday,holiday_972,秋分の日,HOLIDAY
2022/10/10,2022/10/10,Holiday,holiday_973,スポーツの日,HOLIDAY
2022/11/3,2022/11/3,Holiday,holiday_974,文化の日,HOLIDAY
2022/11/23,2022/11/23,Holiday,holiday_975,勤労感謝の日,HOLIDAY
2023/1/1,2023/1/1,Holiday,holiday_976,元日,HOLIDAY
2023/1/2,2023/1/2,Holiday,holiday_977,休日,HOLIDAY
2023/1/9,2023/1/9,Holiday,holiday_978,成人の日,HOLIDAY
2023/2/11,2023/2/11,Holiday,holiday_979,建国記念の日,HOLIDAY
2023/2/23,2023/2/23,Holiday,holiday_980,天皇誕生日,HOLIDAY
2023/3/21,2023/3/21,Holiday,holiday_981,春分の日,HOLIDAY
2023/4/29,2023/4/29,Holiday,holiday_982,昭和の日,HOLIDAY
2023/5/3,2023/5/3,Holiday,holiday_983,憲法記念日,HOLIDAY
2023/5/4,2023/5/4,Holiday,holiday_984,みどりの日,HOLIDAY
2023/5/5,2023/5/5,Holiday,holiday_985,こどもの日,HOLIDAY
2023/7/17,2023/7/17,Holiday,holiday_986,海の日,HOLIDAY
2023/8/11,2023/8/11,Holiday,holiday_987,山の日,HOLIDAY
2023/9/18,2023/9/18,Holiday,holiday_988,敬老の日,HOLIDAY
2023/9/23,2023/9/23,Holiday,holiday_989,秋分の日,HOLIDAY
2023/10/9,2023/10/9,Holiday,holiday_990,スポーツの日,HOLIDAY
2023/11/3,2023/11/3,Holiday,holiday_991,文化の日,HOLIDAY
2023/11/23,2023/11/23,Holiday,holiday_992,勤労感謝の日,HOLIDAY
2024/1/1,2024/1/1,Holiday,holiday_993,元日,HOLIDAY
2024/1/8,2024/1/8,Holiday,holiday_994,成人の日,HOLIDAY
2024/2/11,2024/2/11,Holiday,holiday_995,建国記念の日,HOLIDAY
2024/2/12,2024/2/12,Holiday,holiday_996,休日,HOLIDAY
2024/2/23,2024/2/23,Holiday,holiday_997,天皇誕生日,HOLIDAY
2024/3/20,2024/3/20,Holiday,holiday_998,春分の日,HOLIDAY
2024/4/29,2024/4/29,Holiday,holiday_999,昭和の日,HOLIDAY
2024/5/3,2024/5/3,Holiday,holiday_1000,憲法記念日,HOLIDAY
2024/5/4,2024/5/4,Holiday,holiday_1001,みどりの日,HOLIDAY
2024/5/5,2024/5/5,Holiday,holiday_1002,こどもの日,HOLIDAY
2024/5/6,2024/5/6,Holiday,holiday_1003,休日,HOLIDAY
2024/7/15,2024/7/15,Holiday,holiday_1004,海の日,HOLIDAY
2024/8/11,2024/8/11,Holiday,holiday_1005,山の日,HOLIDAY
2024/8/12,2024/8/12,Holiday,holiday_1006,休日,HOLIDAY
2024/9/16,2024/9/16,Holiday,holiday_1007,敬老の日,HOLIDAY
2024/9/22,2024/9/22,Holiday,holiday_1008,秋分の日,HOLIDAY
2024/9/23,2024/9/23,Holiday,holiday_1009,休日,HOLIDAY
2024/10/14,2024/10/14,Holiday,holiday_1010,スポーツの日,HOLIDAY
2024/11/3,2024/11/3,Holiday,holiday_1011,文化の日,HOLIDAY
2024/11/4,2024/11/4,Holiday,holiday_1012,休日,HOLIDAY
2024/11/23,2024/11/23,Holiday,holiday_1013,勤労感謝の日,HOLIDAY
2025/1/1,2025/1/1,Holiday,holiday_1014,元日,HOLIDAY
2025/1/13,2025/1/13,Holiday,holiday_1015,成人の日,HOLIDAY
2025/2/11,2025/2/11,Holiday,holiday_1016,建国記念の日,HOLIDAY
2025/2/23,2025/2/23,Holiday,holiday_1017,天皇誕生日,HOLIDAY
2025/2/24,2025/2/24,Holiday,holiday_1018,休日,HOLIDAY
2025/3/20,2025/3/20,Holiday,holiday_1019,春分の日,HOLIDAY
2025/4/29,2025/4/29,Holiday,holiday_1020,昭和の日,HOLIDAY
2025/5/3,2025/5/3,Holiday,holiday_1021,憲法記念日,HOLIDAY
2025/5/4,2025/5/4,Holiday,holiday_1022,みどりの日,HOLIDAY
2025/5/5,2025/5/5,Holiday,holiday_1023,こどもの日,HOLIDAY
2025/5/6,2025/5/6,Holiday,holiday_1024,休日,HOLIDAY
2025/7/21,2025/7/21,Holiday,holiday_1025,海の日,HOLIDAY
2025/8/11,2025/8/11,Holiday,holiday_1026,山の日,HOLIDAY
2025/9/15,2025/9/15,Holiday,holiday_1027,敬老の日,HOLIDAY
2025/9/23,2025/9/23,Holiday,holiday_1028,秋分の日,HOLIDAY
2025/10/13,2025/10/13,Holiday,holiday_1029,スポーツの日,HOLIDAY
2025/11/3,2025/11/3,Holiday,holiday_1030,文化の日,HOLIDAY
2025/11/23,2025/11/23,Holiday,holiday_1031,勤労感謝の日,HOLIDAY
2025/11/24,2025/11/24,Holiday,holiday_1032,休日,HOLIDAY
2026/1/1,2026/1/1,Holiday,holiday_1033,元日,HOLIDAY
2026/1/12,2026/1/12,Holiday,holiday_1034,成人の日,HOLIDAY
2026/2/11,2026/2/11,Holiday,holiday_1035,建国記念の日,HOLIDAY
2026/2/23,2026/2/23,Holiday,holiday_1036,天皇誕生日,HOLIDAY
2026/3/20,2026/3/20,Holiday,holiday_1037,春分の日,HOLIDAY
2026/4/29,2026/4/29,Holiday,holiday_1038,昭和の日,HOLIDAY
2026/5/3,2026/5/3,Holiday,holiday_1039,憲法記念日,HOLIDAY
2026/5/4,2026/5/4,Holiday,holiday_1040,みどりの日,HOLIDAY
2026/5/5,2026/5/5,Holiday,holiday_1041,こどもの日,HOLIDAY
2026/5/6,2026/5/6,Holiday,holiday_1042,休日,HOLIDAY
2026/7/20,2026/7/20,Holiday,holiday_1043,海の日,HOLIDAY
2026/8/11,2026/8/11,Holiday,holiday_1044,山の日,HOLIDAY
2026/9/21,2026/9/21,Holiday,holiday_1045,敬老の日,HOLIDAY
2026/9/22,2026/9/22,Holiday,holiday_1046,休日,HOLIDAY
2026/9/23,2026/9/23,Holiday,holiday_1047,秋分の日,HOLIDAY
2026/10/12,2026/10/12,Holiday,holiday_1048,スポーツの日,HOLIDAY
2026/11/3,2026/11/3,Holiday,holiday_1049,文化の日,HOLIDAY
2026/11/23,2026/11/23,Holiday,holiday_1050,勤労感謝の日,HOLIDAY
2027/1/1,2027/1/1,Holiday,holiday_1051,元日,HOLIDAY
2027/1/11,2027/1/11,Holiday,holiday_1052,成人の日,HOLIDAY
2027/2/11,2027/2/11,Holiday,holiday_1053,建国記念の日,HOLIDAY
2027/2/23,2027/2/23,Holiday,holiday_1054,天皇誕生日,HOLIDAY
2027/3/21,2027/3/21,Holiday,holiday_1055,春分の日,HOLIDAY
2027/3/22,2027/3/22,Holiday,holiday_1056,休日,HOLIDAY
2027/4/29,2027/4/29,Holiday,holiday_1057,昭和の日,HOLIDAY
2027/5/3,2027/5/3,Holiday,holiday_1058,憲法記念日,HOLIDAY
2027/5/4,2027/5/4,Holiday,holiday_1059,みどりの日,HOLIDAY
2027/5/5,2027/5/5,Holiday,holiday_1060,こどもの日,HOLIDAY
2027/7/19,2027/7/19,Holiday,holiday_1061,海の日,HOLIDAY
2027/8/11,2027/8/11,Holiday,holiday_1062,山の日,HOLIDAY
2027/9/20,2027/9/20,Holiday,holiday_1063,敬老の日,HOLIDAY
2027/9/23,2027/9/23,Holiday,holiday_1064,秋分の日,HOLIDAY
2027/10/11,2027/10/11,Holiday,holiday_1065,スポーツの日,HOLIDAY
2027/11/3,2027/11/3,Holiday,holiday_1066,文化の日,HOLIDAY
2027/11/23,2027/11/23,Holiday,holiday_1067,勤労感謝の日,HOLIDAY
